t,month,monthlyAvg,year
74,1,396.8571429,2022
75,2,375.8571429,2022
76,3,398.1111111,2022
77,4,368.24,2022
